Workbook

Sheet داشبورد
B2: سیستم GPS — آلمانی تا ÖSD Zertifikat B2
B3: ورود اطلاعات فقط در برگه‌ی «ورود روزانه». این صفحه و برگه‌های هفتگی و ماهانه خودکارند.
B5: تنظیمات — فقط این چهار خانه
B6: تاریخ آزمون هدف | C6: 46466
B7: هدف کل ساعت | C7: 600
B8: سقف دقیقه در روز | C8: 255
B9: تعداد کل واحدها | C9: 80
B11: وضعیت کلان
B12: روز باقی‌مانده تا آزمون | C12: =$C$6-TODAY() -> 179 | E12: کل ساعت انجام‌شده | F12: =ROUND(SUM('ورود روزانه'!$L$3:$L$200)/60,1) -> 40.8
B13: هفته‌ی چندم از ۲۸ | C13: =MIN(28,MAX(1,ROUNDUP((TODAY()-DATE(2026,9,6)+1)/7,0))) -> 3 | E13: ٪ نسبت به هدف ساعت | F13: =IFERROR(SUM('ورود روزانه'!$L$3:$L$200)/60/$C$7,0) -> 0.067916667
B14: فاز فعلی | C14: {=IFERROR(INDEX('نقشه راه'!$B$3:$B$7,MATCH(TODAY(),'نقشه راه'!$C$3:$C$7,1)),"—")} -> فاز ۱ · میشل توماس ۶ تا ۱۱ + بلوک گرامر بنیادی | E14: از این به بعد لازم: ساعت در روز | F14: =IFERROR(ROUND(MAX(0,$C$7-SUM('ورود روزانه'!$L$3:$L$200)/60)/MAX(1,$C$6-TODAY()),2),0) -> 3.12
B15: تمرکز این هفته | C15: {=IFERROR(INDEX('هفتگی'!$E$3:$E$30,$C$13),"—")} -> آرتیکل ۲، ۳ و ۴ + پیش‌نیازهای مهم · موازی: تمرین Akkusativ و Dativ | E15: واحدهای بسته‌شده | F15: =COUNTIF('لکسیون'!$I$3:$I$82,"بسته") -> 5
B16: استریک کف روزانه | C16: {=MAX(IFERROR(INDEX('ورود روزانه'!$U$3:$U$200,MATCH(TODAY(),'ورود روزانه'!$A$3:$A$200,0)),0),IFERROR(INDEX('ورود روزانه'!$U$3:$U$200,MATCH(TODAY()-1,'ورود روزانه'!$A$3:$A$200,0)),0))} -> 5 | E16: سرعت لازم — واحد در هفته | F16: =IFERROR(ROUND(MAX(0,$C$9-COUNTIF('لکسیون'!$I$3:$I$82,"بسته"))/MAX(1,($C$6-TODAY())/7),1),0) -> 2.9
B18: این هفته
B19: دقیقه | C19: {=IFERROR(INDEX('هفتگی'!$F$3:$F$30,$C$13),0)} -> 195 | E19: خودمراقبتی از ۴۲ | F19: {=IFERROR(INDEX('هفتگی'!$J$3:$J$30,$C$13),0)} -> 10
B20: ٪ اجرای برنامه | C20: {=IFERROR(INDEX('هفتگی'!$H$3:$H$30,$C$13),0)} -> 0.12745098 | E20: واحد بسته‌شده این هفته | F20: {=IFERROR(INDEX('هفتگی'!$K$3:$K$30,$C$13),0)} -> 0
B21: کف روزانه از ۷ | C21: {=IFERROR(INDEX('هفتگی'!$I$3:$I$30,$C$13),0)} -> 2 | E21: وضعیت هفته | F21: {=IFERROR(INDEX('هفتگی'!$L$3:$L$30,$C$13),"—")} -> هشدار
B23: این ماه
B24: ساعت این ماه | C24: {=IFERROR(INDEX('ماهانه'!$F$3:$F$10,MATCH(INDEX('ورود روزانه'!$E$3:$E$200,MATCH(TODAY(),'ورود روزانه'!$A$3:$A$200,0)),'ماهانه'!$A$3:$A$10,0)),0)} -> 40.8 | E24: روزهای صفر این ماه | F24: {=IFERROR(INDEX('ماهانه'!$I$3:$I$10,MATCH(INDEX('ورود روزانه'!$E$3:$E$200,MATCH(TODAY(),'ورود روزانه'!$A$3:$A$200,0)),'ماهانه'!$A$3:$A$10,0)),0)} -> 4
B25: ٪ اجرای ماه | C25: {=IFERROR(INDEX('ماهانه'!$G$3:$G$10,MATCH(INDEX('ورود روزانه'!$E$3:$E$200,MATCH(TODAY(),'ورود روزانه'!$A$3:$A$200,0)),'ماهانه'!$A$3:$A$10,0)),0)} -> 0.63921569 | E25: واحد بسته‌شده این ماه | F25: {=IFERROR(INDEX('ماهانه'!$K$3:$K$10,MATCH(INDEX('ورود روزانه'!$E$3:$E$200,MATCH(TODAY(),'ورود روزانه'!$A$3:$A$200,0)),'ماهانه'!$A$3:$A$10,0)),0)} -> 0
B27: چهار مهارت — آخرین ماک
B28: مهارت | C28: نمره | D28: از | E28: مرز ۶۰٪ | F28: وضعیت
B29: Lesen — خواندن | C29: {=IFERROR(INDEX('آزمون ماک'!$D$3:$D$40,MATCH(MAX('آزمون ماک'!$A$3:$A$40),'آزمون ماک'!$A$3:$A$40,0)),"—")} -> — | D29: 20 | E29: 12 | F29: =IF(N(C29)=0,"هنوز ثبت نشده",IF(C29>=E29,"قبول","زیر مرز")) -> هنوز ثبت نشده
B30: Hören — شنیدن | C30: {=IFERROR(INDEX('آزمون ماک'!$E$3:$E$40,MATCH(MAX('آزمون ماک'!$A$3:$A$40),'آزمون ماک'!$A$3:$A$40,0)),"—")} -> — | D30: 20 | E30: 12 | F30: =IF(N(C30)=0,"هنوز ثبت نشده",IF(C30>=E30,"قبول","زیر مرز")) -> هنوز ثبت نشده
B31: Schreiben — نوشتن | C31: {=IFERROR(INDEX('آزمون ماک'!$F$3:$F$40,MATCH(MAX('آزمون ماک'!$A$3:$A$40),'آزمون ماک'!$A$3:$A$40,0)),"—")} -> — | D31: 30 | E31: 18 | F31: =IF(N(C31)=0,"هنوز ثبت نشده",IF(C31>=E31,"قبول","زیر مرز")) -> هنوز ثبت نشده
B32: Sprechen — گفتن | C32: {=IFERROR(INDEX('آزمون ماک'!$I$3:$I$40,MATCH(MAX('آزمون ماک'!$A$3:$A$40),'آزمون ماک'!$A$3:$A$40,0)),"—")} -> — | D32: 30 | E32: 18 | F32: =IF(N(C32)=0,"هنوز ثبت نشده",IF(C32>=E32,"قبول","زیر مرز")) -> هنوز ثبت نشده
B33: مجموع ماژول کتبی | C33: =IF(N(C29)+N(C30)+N(C31)=0,"—",N(C29)+N(C30)+N(C31)) -> — | D33: 70 | E33: 42 | F33: =IF(N(C33)=0,"هنوز ثبت نشده",IF(C33>=42,"قبول","زیر مرز")) -> هنوز ثبت نشده
B35: ساعت اضافه — کل | C35: =ROUND(SUM('ورود روزانه'!$Y$3:$Y$200)/60,1) -> 0
B36: ساعت کل (برنامه + اضافه) | C36: =ROUND((SUM('ورود روزانه'!$L$3:$L$200)+SUM('ورود روزانه'!$Y$3:$Y$200))/60,1) -> 40.8

Sheet ورود روزانه
A1: این تنها برگه‌ای است که هر شب پر می‌کنی. در ستون‌های آبی و سبز عدد ۱ بگذار. «دقیقه‌ی اضافه» برای کارهای بیرون از برنامه است: دولینگو، یوتیوب، تمرین شخصی. ستون‌های خاکستری خودکارند — دستشان نزن. برگه‌های «هفتگی» و «ماهانه» خودشان از همین‌جا جمع می‌زنند.
A2: تاریخ | B2: شمسی | C2: روز | D2: هفته | E2: ماه | F2: فاز | G2: ① انکی ۳۰ | H2: ② مبحث جدید ۹۰ | I2: ③ ورودی ۶۰ | J2: ④ خروجی ۶۰ | K2: ⑤ بستن روز ۱۵ | L2: دقیقه | M2: ورزش | N2: پوست | O2: مو | P2: مسواک | Q2: تغذیه | R2: آب | S2: مراقبت | T2: کف | U2: زنجیره | V2: واحد امروز | W2: کجا گیر کردم | X2: برنامه‌ی فردا | Y2: دقیقه‌ی اضافه | Z2: چی بود
A3: 46271 | B3: 15 شهریور | C3: یک‌شنبه | D3: 1 | E3: شهریور ۱۴۰۵ | F3: 1 | G3: 1 | H3: 1 | I3: 1 | J3: 1 | K3: 1 | L3: =N(G3)*30+N(H3)*90+N(I3)*60+N(J3)*60+N(K3)*15 -> 255 | M3: 1 | N3: 1 | O3: 1 | P3: 1 | Q3: 1 | R3: 1 | S3: =N(M3)+N(N3)+N(O3)+N(P3)+N(Q3)+N(R3) -> 6 | T3: =N(G3) -> 1 | U3: =IF(N(G3)>0,N(U2)+1,0) -> 1
A4: 46272 | B4: 16 شهریور | C4: دوشنبه | D4: 1 | E4: شهریور ۱۴۰۵ | F4: 1 | G4: 1 | H4: 1 | I4: 1 | J4: 1 | K4: 1 | L4: =N(G4)*30+N(H4)*90+N(I4)*60+N(J4)*60+N(K4)*15 -> 255 | M4: 1 | N4: 1 | O4: 1 | P4: 1 | Q4: 1 | R4: 1 | S4: =N(M4)+N(N4)+N(O4)+N(P4)+N(Q4)+N(R4) -> 6 | T4: =N(G4) -> 1 | U4: =IF(N(G4)>0,N(U3)+1,0) -> 2 | V4: درس ۶ دوره تماشا شد. جزوه برای کلاد آپلود شد و بلوک‌بندی کرد. ۵ بلوک از ۱۰ بلوکش خوانده و جمع‌بندی شد. | W4: همه چیز در فایل جمع‌بندی درخواستی از کلاد موجوده. پایان ۵ بلوک | X4: بررسی و ادامه بلوک‌های دیگر و جمع‌بندی آن‌ها، مرور امروز، دولینگو، استارت درس ۷
A5: 46273 | B5: 17 شهریور | C5: سه‌شنبه | D5: 1 | E5: شهریور ۱۴۰۵ | F5: 1 | G5: 1 | H5: 1 | I5: 1 | J5: 1 | K5: 1 | L5: =N(G5)*30+N(H5)*90+N(I5)*60+N(J5)*60+N(K5)*15 -> 255 | M5: 1 | N5: 1 | O5: 1 | P5: 1 | Q5: 1 | R5: 1 | S5: =N(M5)+N(N5)+N(O5)+N(P5)+N(Q5)+N(R5) -> 6 | T5: =N(G5) -> 1 | U5: =IF(N(G5)>0,N(U4)+1,0) -> 3 | V5: همه‌ی بلوک‌های درس ۶ کامل شدند و جمع‌بندی انجام شد | W5: همه چیز در فایل جمع‌بندی درخواستی از کلاد موجوده. پایان ۵ بلوک | X5: شروع درس ۷. مرور جزوه‌ها. روش میشل توماس.
A6: 46274 | B6: 18 شهریور | C6: چهارشنبه | D6: 1 | E6: شهریور ۱۴۰۵ | F6: 1 | G6: 1 | I6: 1 | J6: 1 | L6: =N(G6)*30+N(H6)*90+N(I6)*60+N(J6)*60+N(K6)*15 -> 150 | M6: 1 | O6: 1 | R6: 1 | S6: =N(M6)+N(N6)+N(O6)+N(P6)+N(Q6)+N(R6) -> 3 | T6: =N(G6) -> 1 | U6: =IF(N(G6)>0,N(U5)+1,0) -> 4 | V6: درس ۷ از دوره تماشا شد. درس ۶ و ۷ با روش میشل توماس مرور شد. پس از آپلود جزوه، ۲ بلوک از بلوک‌های کلاد انجام شد | W6: همه چیز در فایل جمع‌بندی درخواستی از کلاد موجوده. پایان ۵ بلوک | X6: امشب مهمانی دعوت شدیم. برنامه‌ریزی از دستم در رفت — برنامه‌ی فردا را ننوشتم و اطلاعات چهارشنبه را فردا وارد کردم
A7: 46275 | B7: 19 شهریور | C7: پنج‌شنبه | D7: 1 | E7: شهریور ۱۴۰۵ | F7: 1 | L7: =N(G7)*30+N(H7)*90+N(I7)*60+N(J7)*60+N(K7)*15 -> 0 | M7: 1 | N7: 1 | O7: 1 | P7: 1 | Q7: 1 | R7: 1 | S7: =N(M7)+N(N7)+N(O7)+N(P7)+N(Q7)+N(R7) -> 6 | T7: =N(G7) -> 0 | U7: =IF(N(G7)>0,N(U6)+1,0) -> 0 | V7: هیچی، فقط دولینگو | W7: تایم ناخن، خرید صبح، چت عصر و وقت گذراندن آخر هفته
A8: 46276 | B8: 20 شهریور | C8: جمعه | D8: 1 | E8: شهریور ۱۴۰۵ | F8: 1 | G8: 1 | H8: 1 | I8: 1 | J8: 1 | K8: 1 | L8: =N(G8)*30+N(H8)*90+N(I8)*60+N(J8)*60+N(K8)*15 -> 255 | M8: 1 | N8: 1 | O8: 1 | P8: 1 | Q8: 1 | R8: 1 | S8: =N(M8)+N(N8)+N(O8)+N(P8)+N(Q8)+N(R8) -> 6 | T8: =N(G8) -> 1 | U8: =IF(N(G8)>0,N(U7)+1,0) -> 1 | W8: توی جمع‌بندی پیداش کن | X8: مرور. بستن درس ۷. شروع درس ۸ و آپلود جزوه و باقی داستان
A9: 46277 | B9: 21 شهریور | C9: شنبه | D9: 1 | E9: شهریور ۱۴۰۵ | F9: 1 | G9: 0 | H9: 1 | I9: 1 | J9: 1 | K9: 0 | L9: =N(G9)*30+N(H9)*90+N(I9)*60+N(J9)*60+N(K9)*15 -> 210 | M9: 1 | N9: 1 | O9: 1 | P9: 1 | Q9: 1 | R9: 1 | S9: =N(M9)+N(N9)+N(O9)+N(P9)+N(Q9)+N(R9) -> 6 | T9: =N(G9) -> 0 | U9: =IF(N(G9)>0,N(U8)+1,0) -> 0
A10: 46278 | B10: 22 شهریور | C10: یک‌شنبه | D10: 2 | E10: شهریور ۱۴۰۵ | F10: 1 | G10: 1 | H10: 0 | I10: 1 | J10: 1 | K10: 1 | L10: =N(G10)*30+N(H10)*90+N(I10)*60+N(J10)*60+N(K10)*15 -> 165 | M10: 1 | N10: 1 | O10: 1 | P10: 1 | Q10: 1 | R10: 1 | S10: =N(M10)+N(N10)+N(O10)+N(P10)+N(Q10)+N(R10) -> 6 | T10: =N(G10) -> 1 | U10: =IF(N(G10)>0,N(U9)+1,0) -> 1 | V10: امروز فایل های جمع بندی رو نگاه کردم و مشکلاتی ک توشون گیر بودم از کلاد پرسیدم | W10: صرف افعال-صرف اشخاص-افعال گذشته-هفت گانه متفاوت- | X10: شروع درس 8 با کلاد- مرور-تمرین افعال گذشته و صرفشون و چیزایی ک توی دوتا فایل جمع بندی مشکل داشتی
A11: 46279 | B11: 23 شهریور | C11: دوشنبه | D11: 2 | E11: شهریور ۱۴۰۵ | F11: 1 | G11: 1 | H11: 1 | I11: 0 | J11: 0 | K11: 1 | L11: =N(G11)*30+N(H11)*90+N(I11)*60+N(J11)*60+N(K11)*15 -> 135 | M11: 0 | N11: 1 | O11: 1 | P11: 1 | Q11: 1 | R11: 1 | S11: =N(M11)+N(N11)+N(O11)+N(P11)+N(Q11)+N(R11) -> 5 | T11: =N(G11) -> 1 | U11: =IF(N(G11)>0,N(U10)+1,0) -> 2 | V11: اپلود درس 8 و خواندن 4 بلوک از 12 | W11: توی فایل جمع بندی هست. احساس مریضی داشتم و استراحت کردم
A12: 46280 | B12: 24 شهریور | C12: سه‌شنبه | D12: 2 | E12: شهریور ۱۴۰۵ | F12: 1 | G12: 1 | H12: 0 | I12: 0 | J12: 0 | K12: 0 | L12: =N(G12)*30+N(H12)*90+N(I12)*60+N(J12)*60+N(K12)*15 -> 30 | M12: 1 | N12: 1 | O12: 1 | P12: 1 | Q12: 1 | R12: 1 | S12: =N(M12)+N(N12)+N(O12)+N(P12)+N(Q12)+N(R12) -> 6 | T12: =N(G12) -> 1 | U12: =IF(N(G12)>0,N(U11)+1,0) -> 3 | V12: فقط بزور اخر شب مرور و انجام دادم | W12: یه دعوای بد با پارتنرم داشتیم ک کل روزو گرفت.
A13: 46281 | B13: 25 شهریور | C13: چهارشنبه | D13: 2 | E13: شهریور ۱۴۰۵ | F13: 1 | G13: 0 | H13: 1 | I13: 1 | J13: 0 | K13: 1 | L13: =N(G13)*30+N(H13)*90+N(I13)*60+N(J13)*60+N(K13)*15 -> 165 | M13: 1 | N13: 1 | O13: 0 | P13: 1 | Q13: 1 | R13: 1 | S13: =N(M13)+N(N13)+N(O13)+N(P13)+N(Q13)+N(R13) -> 5 | T13: =N(G13) -> 0 | U13: =IF(N(G13)>0,N(U12)+1,0) -> 0 | V13: اتمام درس 8. دریافت فایل جمع بندی. | W13: لغات زیادی داشت اطشون انکی درست کن | X13: مرور-شروع درس 9-اپلود جزوه و شروع با کلاد
A14: 46282 | B14: 26 شهریور | C14: پنج‌شنبه | D14: 2 | E14: شهریور ۱۴۰۵ | F14: 1 | G14: 1 | H14: 0 | I14: 1 | J14: 0 | K14: 1 | L14: =N(G14)*30+N(H14)*90+N(I14)*60+N(J14)*60+N(K14)*15 -> 105 | M14: 1 | N14: 1 | O14: 1 | P14: 1 | Q14: 1 | R14: 1 | S14: =N(M14)+N(N14)+N(O14)+N(P14)+N(Q14)+N(R14) -> 6 | T14: =N(G14) -> 1 | U14: =IF(N(G14)>0,N(U13)+1,0) -> 1 | V14: برنامه کف رو اجرا کردم امروز. | W14: مهمونی دعوت شدم و وسوسه شدم که با دوستام بیرون برم. | X14: پلنی نتونستم بزارم چون این بخش رو شنبه پر کردم.
A15: 46283 | B15: 27 شهریور | C15: جمعه | D15: 2 | E15: شهریور ۱۴۰۵ | F15: 1 | G15: 1 | H15: 0 | I15: 0 | J15: 0 | K15: 0 | L15: =N(G15)*30+N(H15)*90+N(I15)*60+N(J15)*60+N(K15)*15 -> 30 | M15: 0 | N15: 1 | O15: 1 | P15: 1 | Q15: 1 | R15: 0 | S15: =N(M15)+N(N15)+N(O15)+N(P15)+N(Q15)+N(R15) -> 4 | T15: =N(G15) -> 1 | U15: =IF(N(G15)>0,N(U14)+1,0) -> 2 | V15: ببرنامه کف رو سعی کردم تا حدی اجرا کنم. | W15: مهمونی دعوت بودیم اما من تنبلی کردم و پایبند برنامه نبودم ک درست اجراش کنم | X15: مرور-شروع درس 9-اپلود جزوه و شروع با کلاد
A16: 46284 | B16: 28 شهریور | C16: شنبه | D16: 2 | E16: شهریور ۱۴۰۵ | F16: 1 | G16: 1 | H16: 1 | I16: 1 | J16: 1 | K16: 0 | L16: =N(G16)*30+N(H16)*90+N(I16)*60+N(J16)*60+N(K16)*15 -> 240 | M16: 0 | N16: 1 | O16: 1 | P16: 1 | Q16: 1 | R16: 1 | S16: =N(M16)+N(N16)+N(O16)+N(P16)+N(Q16)+N(R16) -> 5 | T16: =N(G16) -> 1 | U16: =IF(N(G16)>0,N(U15)+1,0) -> 3 | V16: درس 9 رو از دوره نگاه کردم برای کلاد اپلود کردم. | W16: باید اون چیزایی ک کلاد گفته و خودم جمع بندی کردم مثل صرف افعال و باقی چیزا رو قبل از استارت درس 9 اوکی کنم | X16: اوکی کردن اون چیزایی ک توشون گیرم و کلاد اشاره کرد و با چیزاییکه خودم یادداشت کردم و جلو بردن درس 9
A17: 46285 | B17: 29 شهریور | C17: یک‌شنبه | D17: 3 | E17: شهریور ۱۴۰۵ | F17: 1 | G17: 1 | H17: 0 | I17: 1 | J17: 1 | K17: 1 | L17: =N(G17)*30+N(H17)*90+N(I17)*60+N(J17)*60+N(K17)*15 -> 165 | M17: 1 | N17: 1 | O17: 1 | P17: 1 | Q17: 1 | R17: 1 | S17: =N(M17)+N(N17)+N(O17)+N(P17)+N(Q17)+N(R17) -> 6 | T17: =N(G17) -> 1 | U17: =IF(N(G17)>0,N(U16)+1,0) -> 4 | V17: انکی فایل های مرور رو ساختم. خیلی بهش احتیاج داشتم. | W17: توی مرور فایل ها مشکل داشتم برای همین باید فلش کارتشو میساختم | X17: استارت درس 9 باکلاد. مرور انکی های ساخته شده
A18: 46286 | B18: 30 شهریور | C18: دوشنبه | D18: 3 | E18: شهریور ۱۴۰۵ | F18: 1 | G18: 1 | H18: 0 | I18: 0 | J18: 0 | K18: 0 | L18: =N(G18)*30+N(H18)*90+N(I18)*60+N(J18)*60+N(K18)*15 -> 30 | M18: 0 | N18: 1 | O18: 0 | P18: 1 | Q18: 1 | R18: 1 | S18: =N(M18)+N(N18)+N(O18)+N(P18)+N(Q18)+N(R18) -> 4 | T18: =N(G18) -> 1 | U18: =IF(N(G18)>0,N(U17)+1,0) -> 5 | V18: انکی کارت هارو خوندم. امروز روز کفم بود.
A19: 46287 | B19: 31 شهریور | C19: سه‌شنبه | D19: 3 | E19: شهریور ۱۴۰۵ | F19: 1 | L19: =N(G19)*30+N(H19)*90+N(I19)*60+N(J19)*60+N(K19)*15 -> 0 | S19: =N(M19)+N(N19)+N(O19)+N(P19)+N(Q19)+N(R19) -> 0 | T19: =N(G19) -> 0 | U19: =IF(N(G19)>0,N(U18)+1,0) -> 0
A20: 46288 | B20: 1 مهر | C20: چهارشنبه | D20: 3 | E20: مهر ۱۴۰۵ | F20: 1 | L20: =N(G20)*30+N(H20)*90+N(I20)*60+N(J20)*60+N(K20)*15 -> 0 | S20: =N(M20)+N(N20)+N(O20)+N(P20)+N(Q20)+N(R20) -> 0 | T20: =N(G20) -> 0 | U20: =IF(N(G20)>0,N(U19)+1,0) -> 0
A21: 46289 | B21: 2 مهر | C21: پنج‌شنبه | D21: 3 | E21: مهر ۱۴۰۵ | F21: 1 | L21: =N(G21)*30+N(H21)*90+N(I21)*60+N(J21)*60+N(K21)*15 -> 0 | S21: =N(M21)+N(N21)+N(O21)+N(P21)+N(Q21)+N(R21) -> 0 | T21: =N(G21) -> 0 | U21: =IF(N(G21)>0,N(U20)+1,0) -> 0
A22: 46290 | B22: 3 مهر | C22: جمعه | D22: 3 | E22: مهر ۱۴۰۵ | F22: 1 | L22: =N(G22)*30+N(H22)*90+N(I22)*60+N(J22)*60+N(K22)*15 -> 0 | S22: =N(M22)+N(N22)+N(O22)+N(P22)+N(Q22)+N(R22) -> 0 | T22: =N(G22) -> 0 | U22: =IF(N(G22)>0,N(U21)+1,0) -> 0
A23: 46291 | B23: 4 مهر | C23: شنبه | D23: 3 | E23: مهر ۱۴۰۵ | F23: 1 | L23: =N(G23)*30+N(H23)*90+N(I23)*60+N(J23)*60+N(K23)*15 -> 0 | S23: =N(M23)+N(N23)+N(O23)+N(P23)+N(Q23)+N(R23) -> 0 | T23: =N(G23) -> 0 | U23: =IF(N(G23)>0,N(U22)+1,0) -> 0
A24: 46292 | B24: 5 مهر | C24: یک‌شنبه | D24: 4 | E24: مهر ۱۴۰۵ | F24: 1 | L24: =N(G24)*30+N(H24)*90+N(I24)*60+N(J24)*60+N(K24)*15 -> 0 | S24: =N(M24)+N(N24)+N(O24)+N(P24)+N(Q24)+N(R24) -> 0 | T24: =N(G24) -> 0 | U24: =IF(N(G24)>0,N(U23)+1,0) -> 0
A25: 46293 | B25: 6 مهر | C25: دوشنبه | D25: 4 | E25: مهر ۱۴۰۵ | F25: 1 | L25: =N(G25)*30+N(H25)*90+N(I25)*60+N(J25)*60+N(K25)*15 -> 0 | S25: =N(M25)+N(N25)+N(O25)+N(P25)+N(Q25)+N(R25) -> 0 | T25: =N(G25) -> 0 | U25: =IF(N(G25)>0,N(U24)+1,0) -> 0
A26: 46294 | B26: 7 مهر | C26: سه‌شنبه | D26: 4 | E26: مهر ۱۴۰۵ | F26: 1 | L26: =N(G26)*30+N(H26)*90+N(I26)*60+N(J26)*60+N(K26)*15 -> 0 | S26: =N(M26)+N(N26)+N(O26)+N(P26)+N(Q26)+N(R26) -> 0 | T26: =N(G26) -> 0 | U26: =IF(N(G26)>0,N(U25)+1,0) -> 0
A27: 46295 | B27: 8 مهر | C27: چهارشنبه | D27: 4 | E27: مهر ۱۴۰۵ | F27: 1 | L27: =N(G27)*30+N(H27)*90+N(I27)*60+N(J27)*60+N(K27)*15 -> 0 | S27: =N(M27)+N(N27)+N(O27)+N(P27)+N(Q27)+N(R27) -> 0 | T27: =N(G27) -> 0 | U27: =IF(N(G27)>0,N(U26)+1,0) -> 0
A28: 46296 | B28: 9 مهر | C28: پنج‌شنبه | D28: 4 | E28: مهر ۱۴۰۵ | F28: 1 | L28: =N(G28)*30+N(H28)*90+N(I28)*60+N(J28)*60+N(K28)*15 -> 0 | S28: =N(M28)+N(N28)+N(O28)+N(P28)+N(Q28)+N(R28) -> 0 | T28: =N(G28) -> 0 | U28: =IF(N(G28)>0,N(U27)+1,0) -> 0
A29: 46297 | B29: 10 مهر | C29: جمعه | D29: 4 | E29: مهر ۱۴۰۵ | F29: 1 | L29: =N(G29)*30+N(H29)*90+N(I29)*60+N(J29)*60+N(K29)*15 -> 0 | S29: =N(M29)+N(N29)+N(O29)+N(P29)+N(Q29)+N(R29) -> 0 | T29: =N(G29) -> 0 | U29: =IF(N(G29)>0,N(U28)+1,0) -> 0
A30: 46298 | B30: 11 مهر | C30: شنبه | D30: 4 | E30: مهر ۱۴۰۵ | F30: 1 | L30: =N(G30)*30+N(H30)*90+N(I30)*60+N(J30)*60+N(K30)*15 -> 0 | S30: =N(M30)+N(N30)+N(O30)+N(P30)+N(Q30)+N(R30) -> 0 | T30: =N(G30) -> 0 | U30: =IF(N(G30)>0,N(U29)+1,0) -> 0
... A198: 46466 | B198: 29 اسفند | C198: شنبه | D198: 28 | E198: اسفند ۱۴۰۵ | F198: 5 | L198: =N(G198)*30+N(H198)*90+N(I198)*60+N(J198)*60+N(K198)*15 -> 0 | S198: =N(M198)+N(N198)+N(O198)+N(P198)+N(Q198)+N(R198) -> 0 | T198: =N(G198) -> 0 | U198: =IF(N(G198)>0,N(U197)+1,0) -> 0

Sheet هفتگی
A1: همه‌ی عددهای خاکستری خودکار از «ورود روزانه» می‌آیند. فقط سه ستون آخر را خودت می‌نویسی — جمعه شب، پنج دقیقه. هدف هفتگی: ۱۵۳۰ دقیقه (۲۵۵ × ۶ روز).
A2: هفته | B2: از | C2: تا | D2: فاز | E2: تمرکز هفته | F2: دقیقه | G2: ساعت | H2: ٪ اجرا | I2: کف /۷ | J2: مراقبت /۴۲ | K2: واحد بسته | L2: وضعیت | M2: بردِ هفته | N2: مشکل هفته | O2: تصمیم هفته‌ی بعد | P2: دقیقه‌ی اضافه | Q2: کل هفته ساعت
A3: 1 | B3: 46271 | C3: 46277 | D3: 1 | E3: میشل توماس ۶، ۷، ۸ و ۹ · موازی: Perfekt | F3: =SUMIF('ورود روزانه'!$D$3:$D$200,$A3,'ورود روزانه'!$L$3:$L$200) -> 1380 | G3: =ROUND(F3/60,1) -> 23 | H3: =IFERROR(F3/1530,0) -> 0.90196078 | I3: =SUMIF('ورود روزانه'!$D$3:$D$200,$A3,'ورود روزانه'!$T$3:$T$200) -> 5 | J3: =SUMIF('ورود روزانه'!$D$3:$D$200,$A3,'ورود روزانه'!$S$3:$S$200) -> 39 | K3: =COUNTIFS('لکسیون'!$E$3:$E$82,">="&$B3,'لکسیون'!$E$3:$E$82,"<="&$C3,'لکسیون'!$I$3:$I$82,"بسته") -> 0 | L3: =IF(F3=0,"—",IF(H3>=0.9,"عالی",IF(H3>=0.7,"خوب","هشدار"))) -> عالی | M3: کشف دو سیرن جدید. پیدا کردن skill برای کلاد | N3: گوش دادن به بعضی سیرن‌ها. نداشتن نظم برای کارهای خودمراقبتی. عدم اتمام برنامه‌ی درخواستی | O3: توی این هفته قول می‌دهم درس ۷ و ۸ و ۹ و ۱۰ و ۱۱ را تمام کنم. بی‌چون‌وچرا | P3: =SUMIF('ورود روزانه'!$D$3:$D$200,$A3,'ورود روزانه'!$Y$3:$Y$200) -> 0 | Q3: =ROUND((F3+P3)/60,1) -> 23
A4: 2 | B4: 46278 | C4: 46284 | D4: 1 | E4: میشل توماس ۱۰ و ۱۱ + امتحان نهایی + آرتیکل ۱ · موازی: Präteritum و Plusquamperfekt | F4: =SUMIF('ورود روزانه'!$D$3:$D$200,$A4,'ورود روزانه'!$L$3:$L$200) -> 870 | G4: =ROUND(F4/60,1) -> 14.5 | H4: =IFERROR(F4/1530,0) -> 0.56862745 | I4: =SUMIF('ورود روزانه'!$D$3:$D$200,$A4,'ورود روزانه'!$T$3:$T$200) -> 6 | J4: =SUMIF('ورود روزانه'!$D$3:$D$200,$A4,'ورود روزانه'!$S$3:$S$200) -> 37 | K4: =COUNTIFS('لکسیون'!$E$3:$E$82,">="&$B4,'لکسیون'!$E$3:$E$82,"<="&$C4,'لکسیون'!$I$3:$I$82,"بسته") -> 0 | L4: =IF(F4=0,"—",IF(H4>=0.9,"عالی",IF(H4>=0.7,"خوب","هشدار"))) -> هشدار | N4: سیرن جدید: پذیرفتن دعوت ناگهانی- گوش دادن به احساس یکم دیگه بخواب- پشت گوش انداختن مرور | P4: =SUMIF('ورود روزانه'!$D$3:$D$200,$A4,'ورود روزانه'!$Y$3:$Y$200) -> 0 | Q4: =ROUND((F4+P4)/60,1) -> 14.5
A5: 3 | B5: 46285 | C5: 46291 | D5: 1 | E5: آرتیکل ۲، ۳ و ۴ + پیش‌نیازهای مهم · موازی: تمرین Akkusativ و Dativ | F5: =SUMIF('ورود روزانه'!$D$3:$D$200,$A5,'ورود روزانه'!$L$3:$L$200) -> 195 | G5: =ROUND(F5/60,1) -> 3.3 | H5: =IFERROR(F5/1530,0) -> 0.12745098 | I5: =SUMIF('ورود روزانه'!$D$3:$D$200,$A5,'ورود روزانه'!$T$3:$T$200) -> 2 | J5: =SUMIF('ورود روزانه'!$D$3:$D$200,$A5,'ورود روزانه'!$S$3:$S$200) -> 10 | K5: =COUNTIFS('لکسیون'!$E$3:$E$82,">="&$B5,'لکسیون'!$E$3:$E$82,"<="&$C5,'لکسیون'!$I$3:$I$82,"بسته") -> 0 | L5: =IF(F5=0,"—",IF(H5>=0.9,"عالی",IF(H5>=0.7,"خوب","هشدار"))) -> هشدار | P5: =SUMIF('ورود روزانه'!$D$3:$D$200,$A5,'ورود روزانه'!$Y$3:$Y$200) -> 0 | Q5: =ROUND((F5+P5)/60,1) -> 3.3
A6: 4 | B6: 46292 | C6: 46298 | D6: 1 | E6: حروف اضافه هندسی · سه حرکت اساسی · گنتیو · ضمایر موصولی · صرف صفت · ★ ماک A2 | F6: =SUMIF('ورود روزانه'!$D$3:$D$200,$A6,'ورود روزانه'!$L$3:$L$200) -> 0 | G6: =ROUND(F6/60,1) -> 0 | H6: =IFERROR(F6/1530,0) -> 0 | I6: =SUMIF('ورود روزانه'!$D$3:$D$200,$A6,'ورود روزانه'!$T$3:$T$200) -> 0 | J6: =SUMIF('ورود روزانه'!$D$3:$D$200,$A6,'ورود روزانه'!$S$3:$S$200) -> 0 | K6: =COUNTIFS('لکسیون'!$E$3:$E$82,">="&$B6,'لکسیون'!$E$3:$E$82,"<="&$C6,'لکسیون'!$I$3:$I$82,"بسته") -> 0 | L6: =IF(F6=0,"—",IF(H6>=0.9,"عالی",IF(H6>=0.7,"خوب","هشدار"))) -> — | P6: =SUMIF('ورود روزانه'!$D$3:$D$200,$A6,'ورود روزانه'!$Y$3:$Y$200) -> 0 | Q6: =ROUND((F6+P6)/60,1) -> 0
A7: 5 | B7: 46299 | C7: 46305 | D7: 1 | E7: فاز ۲ درس ۱ تا ۳ · موازی: افعال با حرف اضافه‌ی ثابت · da-/wo- | F7: =SUMIF('ورود روزانه'!$D$3:$D$200,$A7,'ورود روزانه'!$L$3:$L$200) -> 0 | G7: =ROUND(F7/60,1) -> 0 | H7: =IFERROR(F7/1530,0) -> 0 | I7: =SUMIF('ورود روزانه'!$D$3:$D$200,$A7,'ورود روزانه'!$T$3:$T$200) -> 0 | J7: =SUMIF('ورود روزانه'!$D$3:$D$200,$A7,'ورود روزانه'!$S$3:$S$200) -> 0 | K7: =COUNTIFS('لکسیون'!$E$3:$E$82,">="&$B7,'لکسیون'!$E$3:$E$82,"<="&$C7,'لکسیون'!$I$3:$I$82,"بسته") -> 0 | L7: =IF(F7=0,"—",IF(H7>=0.9,"عالی",IF(H7>=0.7,"خوب","هشدار"))) -> — | P7: =SUMIF('ورود روزانه'!$D$3:$D$200,$A7,'ورود روزانه'!$Y$3:$Y$200) -> 0 | Q7: =ROUND((F7+P7)/60,1) -> 0
A8: 6 | B8: 46306 | C8: 46312 | D8: 1 | E8: فاز ۲ درس ۴ تا ۶ · موازی: شروع Schreiben هفتگی | F8: =SUMIF('ورود روزانه'!$D$3:$D$200,$A8,'ورود روزانه'!$L$3:$L$200) -> 0 | G8: =ROUND(F8/60,1) -> 0 | H8: =IFERROR(F8/1530,0) -> 0 | I8: =SUMIF('ورود روزانه'!$D$3:$D$200,$A8,'ورود روزانه'!$T$3:$T$200) -> 0 | J8: =SUMIF('ورود روزانه'!$D$3:$D$200,$A8,'ورود روزانه'!$S$3:$S$200) -> 0 | K8: =COUNTIFS('لکسیون'!$E$3:$E$82,">="&$B8,'لکسیون'!$E$3:$E$82,"<="&$C8,'لکسیون'!$I$3:$I$82,"بسته") -> 0 | L8: =IF(F8=0,"—",IF(H8>=0.9,"عالی",IF(H8>=0.7,"خوب","هشدار"))) -> — | P8: =SUMIF('ورود روزانه'!$D$3:$D$200,$A8,'ورود روزانه'!$Y$3:$Y$200) -> 0 | Q8: =ROUND((F8+P8)/60,1) -> 0
A9: 7 | B9: 46313 | C9: 46319 | D9: 2 | E9: فاز ۲ درس ۷ تا ۹ · موازی: Konjunktiv II | F9: =SUMIF('ورود روزانه'!$D$3:$D$200,$A9,'ورود روزانه'!$L$3:$L$200) -> 0 | G9: =ROUND(F9/60,1) -> 0 | H9: =IFERROR(F9/1530,0) -> 0 | I9: =SUMIF('ورود روزانه'!$D$3:$D$200,$A9,'ورود روزانه'!$T$3:$T$200) -> 0 | J9: =SUMIF('ورود روزانه'!$D$3:$D$200,$A9,'ورود روزانه'!$S$3:$S$200) -> 0 | K9: =COUNTIFS('لکسیون'!$E$3:$E$82,">="&$B9,'لکسیون'!$E$3:$E$82,"<="&$C9,'لکسیون'!$I$3:$I$82,"بسته") -> 0 | L9: =IF(F9=0,"—",IF(H9>=0.9,"عالی",IF(H9>=0.7,"خوب","هشدار"))) -> — | P9: =SUMIF('ورود روزانه'!$D$3:$D$200,$A9,'ورود روزانه'!$Y$3:$Y$200) -> 0 | Q9: =ROUND((F9+P9)/60,1) -> 0
A10: 8 | B10: 46320 | C10: 46326 | D10: 2 | E10: فاز ۲ درس ۱۰ تا ۱۲ · موازی: درخواست مؤدبانه و نامه‌ی نیمه‌رسمی | F10: =SUMIF('ورود روزانه'!$D$3:$D$200,$A10,'ورود روزانه'!$L$3:$L$200) -> 0 | G10: =ROUND(F10/60,1) -> 0 | H10: =IFERROR(F10/1530,0) -> 0 | I10: =SUMIF('ورود روزانه'!$D$3:$D$200,$A10,'ورود روزانه'!$T$3:$T$200) -> 0 | J10: =SUMIF('ورود روزانه'!$D$3:$D$200,$A10,'ورود روزانه'!$S$3:$S$200) -> 0 | K10: =COUNTIFS('لکسیون'!$E$3:$E$82,">="&$B10,'لکسیون'!$E$3:$E$82,"<="&$C10,'لکسیون'!$I$3:$I$82,"بسته") -> 0 | L10: =IF(F10=0,"—",IF(H10>=0.9,"عالی",IF(H10>=0.7,"خوب","هشدار"))) -> — | P10: =SUMIF('ورود روزانه'!$D$3:$D$200,$A10,'ورود روزانه'!$Y$3:$Y$200) -> 0 | Q10: =ROUND((F10+P10)/60,1) -> 0
A11: 9 | B11: 46327 | C11: 46333 | D11: 2 | E11: فاز ۲ درس ۱۳ تا ۱۵ · موازی: obwohl، damit، um…zu | F11: =SUMIF('ورود روزانه'!$D$3:$D$200,$A11,'ورود روزانه'!$L$3:$L$200) -> 0 | G11: =ROUND(F11/60,1) -> 0 | H11: =IFERROR(F11/1530,0) -> 0 | I11: =SUMIF('ورود روزانه'!$D$3:$D$200,$A11,'ورود روزانه'!$T$3:$T$200) -> 0 | J11: =SUMIF('ورود روزانه'!$D$3:$D$200,$A11,'ورود روزانه'!$S$3:$S$200) -> 0 | K11: =COUNTIFS('لکسیون'!$E$3:$E$82,">="&$B11,'لکسیون'!$E$3:$E$82,"<="&$C11,'لکسیون'!$I$3:$I$82,"بسته") -> 0 | L11: =IF(F11=0,"—",IF(H11>=0.9,"عالی",IF(H11>=0.7,"خوب","هشدار"))) -> — | P11: =SUMIF('ورود روزانه'!$D$3:$D$200,$A11,'ورود روزانه'!$Y$3:$Y$200) -> 0 | Q11: =ROUND((F11+P11)/60,1) -> 0
A12: 10 | B12: 46334 | C12: 46340 | D12: 2 | E12: فاز ۲ درس ۱۶ تا ۱۸ · موازی: bevor، nachdem، seit | F12: =SUMIF('ورود روزانه'!$D$3:$D$200,$A12,'ورود روزانه'!$L$3:$L$200) -> 0 | G12: =ROUND(F12/60,1) -> 0 | H12: =IFERROR(F12/1530,0) -> 0 | I12: =SUMIF('ورود روزانه'!$D$3:$D$200,$A12,'ورود روزانه'!$T$3:$T$200) -> 0 | J12: =SUMIF('ورود روزانه'!$D$3:$D$200,$A12,'ورود روزانه'!$S$3:$S$200) -> 0 | K12: =COUNTIFS('لکسیون'!$E$3:$E$82,">="&$B12,'لکسیون'!$E$3:$E$82,"<="&$C12,'لکسیون'!$I$3:$I$82,"بسته") -> 0 | L12: =IF(F12=0,"—",IF(H12>=0.9,"عالی",IF(H12>=0.7,"خوب","هشدار"))) -> — | P12: =SUMIF('ورود روزانه'!$D$3:$D$200,$A12,'ورود روزانه'!$Y$3:$Y$200) -> 0 | Q12: =ROUND((F12+P12)/60,1) -> 0
A13: 11 | B13: 46341 | C13: 46347 | D13: 2 | E13: فاز ۲ درس ۱۹ و ۲۰ + افعال مجهول · ★ ماک B1 | F13: =SUMIF('ورود روزانه'!$D$3:$D$200,$A13,'ورود روزانه'!$L$3:$L$200) -> 0 | G13: =ROUND(F13/60,1) -> 0 | H13: =IFERROR(F13/1530,0) -> 0 | I13: =SUMIF('ورود روزانه'!$D$3:$D$200,$A13,'ورود روزانه'!$T$3:$T$200) -> 0 | J13: =SUMIF('ورود روزانه'!$D$3:$D$200,$A13,'ورود روزانه'!$S$3:$S$200) -> 0 | K13: =COUNTIFS('لکسیون'!$E$3:$E$82,">="&$B13,'لکسیون'!$E$3:$E$82,"<="&$C13,'لکسیون'!$I$3:$I$82,"بسته") -> 0 | L13: =IF(F13=0,"—",IF(H13>=0.9,"عالی",IF(H13>=0.7,"خوب","هشدار"))) -> — | P13: =SUMIF('ورود روزانه'!$D$3:$D$200,$A13,'ورود روزانه'!$Y$3:$Y$200) -> 0 | Q13: =ROUND((F13+P13)/60,1) -> 0
A14: 12 | B14: 46348 | C14: 46354 | D14: 2 | E14: فاز ۳ درس ۱ تا ۳ · موازی: مجهول با مدال · Konnektoren پیشرفته | F14: =SUMIF('ورود روزانه'!$D$3:$D$200,$A14,'ورود روزانه'!$L$3:$L$200) -> 0 | G14: =ROUND(F14/60,1) -> 0 | H14: =IFERROR(F14/1530,0) -> 0 | I14: =SUMIF('ورود روزانه'!$D$3:$D$200,$A14,'ورود روزانه'!$T$3:$T$200) -> 0 | J14: =SUMIF('ورود روزانه'!$D$3:$D$200,$A14,'ورود روزانه'!$S$3:$S$200) -> 0 | K14: =COUNTIFS('لکسیون'!$E$3:$E$82,">="&$B14,'لکسیون'!$E$3:$E$82,"<="&$C14,'لکسیون'!$I$3:$I$82,"بسته") -> 0 | L14: =IF(F14=0,"—",IF(H14>=0.9,"عالی",IF(H14>=0.7,"خوب","هشدار"))) -> — | P14: =SUMIF('ورود روزانه'!$D$3:$D$200,$A14,'ورود روزانه'!$Y$3:$Y$200) -> 0 | Q14: =ROUND((F14+P14)/60,1) -> 0
A15: 13 | B15: 46355 | C15: 46361 | D15: 2 | E15: فاز ۳ درس ۴ تا ۶ · موازی: Nominalisierung و Verbalisierung | F15: =SUMIF('ورود روزانه'!$D$3:$D$200,$A15,'ورود روزانه'!$L$3:$L$200) -> 0 | G15: =ROUND(F15/60,1) -> 0 | H15: =IFERROR(F15/1530,0) -> 0 | I15: =SUMIF('ورود روزانه'!$D$3:$D$200,$A15,'ورود روزانه'!$T$3:$T$200) -> 0 | J15: =SUMIF('ورود روزانه'!$D$3:$D$200,$A15,'ورود روزانه'!$S$3:$S$200) -> 0 | K15: =COUNTIFS('لکسیون'!$E$3:$E$82,">="&$B15,'لکسیون'!$E$3:$E$82,"<="&$C15,'لکسیون'!$I$3:$I$82,"بسته") -> 0 | L15: =IF(F15=0,"—",IF(H15>=0.9,"عالی",IF(H15>=0.7,"خوب","هشدار"))) -> — | P15: =SUMIF('ورود روزانه'!$D$3:$D$200,$A15,'ورود روزانه'!$Y$3:$Y$200) -> 0 | Q15: =ROUND((F15+P15)/60,1) -> 0
A16: 14 | B16: 46362 | C16: 46368 | D16: 3 | E16: فاز ۳ درس ۷ تا ۹ · موازی: Partizipialattribute | F16: =SUMIF('ورود روزانه'!$D$3:$D$200,$A16,'ورود روزانه'!$L$3:$L$200) -> 0 | G16: =ROUND(F16/60,1) -> 0 | H16: =IFERROR(F16/1530,0) -> 0 | I16: =SUMIF('ورود روزانه'!$D$3:$D$200,$A16,'ورود روزانه'!$T$3:$T$200) -> 0 | J16: =SUMIF('ورود روزانه'!$D$3:$D$200,$A16,'ورود روزانه'!$S$3:$S$200) -> 0 | K16: =COUNTIFS('لکسیون'!$E$3:$E$82,">="&$B16,'لکسیون'!$E$3:$E$82,"<="&$C16,'لکسیون'!$I$3:$I$82,"بسته") -> 0 | L16: =IF(F16=0,"—",IF(H16>=0.9,"عالی",IF(H16>=0.7,"خوب","هشدار"))) -> — | P16: =SUMIF('ورود روزانه'!$D$3:$D$200,$A16,'ورود روزانه'!$Y$3:$Y$200) -> 0 | Q16: =ROUND((F16+P16)/60,1) -> 0
... A30: 28 | B30: 46460 | C30: 46466 | D30: 5 | E30: مرور سبک · استراحت · ★ آزمون واقعی ÖSD B2 | F30: =SUMIF('ورود روزانه'!$D$3:$D$200,$A30,'ورود روزانه'!$L$3:$L$200) -> 0 | G30: =ROUND(F30/60,1) -> 0 | H30: =IFERROR(F30/1530,0) -> 0 | I30: =SUMIF('ورود روزانه'!$D$3:$D$200,$A30,'ورود روزانه'!$T$3:$T$200) -> 0 | J30: =SUMIF('ورود روزانه'!$D$3:$D$200,$A30,'ورود روزانه'!$S$3:$S$200) -> 0 | K30: =COUNTIFS('لکسیون'!$E$3:$E$82,">="&$B30,'لکسیون'!$E$3:$E$82,"<="&$C30,'لکسیون'!$I$3:$I$82,"بسته") -> 0 | L30: =IF(F30=0,"—",IF(H30>=0.9,"عالی",IF(H30>=0.7,"خوب","هشدار"))) -> — | P30: =SUMIF('ورود روزانه'!$D$3:$D$200,$A30,'ورود روزانه'!$Y$3:$Y$200) -> 0 | Q30: =ROUND((F30+P30)/60,1) -> 0

Sheet ماهانه
A1: همه‌چیز خودکار از «ورود روزانه». فقط ستون آخر را آخر هر ماه خودت می‌نویسی.
A2: ماه | B2: از | C2: تا | D2: روز | E2: دقیقه | F2: ساعت | G2: ٪ اجرا | H2: کف | I2: روز صفر | J2: مراقبت ٪ | K2: واحد بسته | L2: جمع تجمعی واحد | M2: مرور ماه | N2: دقیقه‌ی اضافه | O2: کل ماه ساعت
A3: شهریور ۱۴۰۵ | B3: 46271 | C3: 46287 | D3: 17 | E3: =SUMIF('ورود روزانه'!$E$3:$E$200,$A3,'ورود روزانه'!$L$3:$L$200) -> 2445 | F3: =ROUND(E3/60,1) -> 40.8 | G3: =IFERROR(E3/(255*ROUND($D3/7*6,0)),0) -> 0.63921569 | H3: =SUMIF('ورود روزانه'!$E$3:$E$200,$A3,'ورود روزانه'!$T$3:$T$200) -> 13 | I3: =IF($B3>TODAY(),0,MAX(0,MIN($D3,TODAY()-$B3+1)-H3)) -> 4 | J3: =IFERROR(SUMIF('ورود روزانه'!$E$3:$E$200,$A3,'ورود روزانه'!$S$3:$S$200)/($D3*6),0) -> 0.84313725 | K3: =COUNTIFS('لکسیون'!$E$3:$E$82,">="&$B3,'لکسیون'!$E$3:$E$82,"<="&$C3,'لکسیون'!$I$3:$I$82,"بسته") -> 0 | L3: =SUM($K$3:K3)+5 -> 5 | N3: =SUMIF('ورود روزانه'!$E$3:$E$200,$A3,'ورود روزانه'!$Y$3:$Y$200) -> 0 | O3: =ROUND((E3+N3)/60,1) -> 40.8
A4: مهر ۱۴۰۵ | B4: 46288 | C4: 46317 | D4: 30 | E4: =SUMIF('ورود روزانه'!$E$3:$E$200,$A4,'ورود روزانه'!$L$3:$L$200) -> 0 | F4: =ROUND(E4/60,1) -> 0 | G4: =IFERROR(E4/(255*ROUND($D4/7*6,0)),0) -> 0 | H4: =SUMIF('ورود روزانه'!$E$3:$E$200,$A4,'ورود روزانه'!$T$3:$T$200) -> 0 | I4: =IF($B4>TODAY(),0,MAX(0,MIN($D4,TODAY()-$B4+1)-H4)) -> 0 | J4: =IFERROR(SUMIF('ورود روزانه'!$E$3:$E$200,$A4,'ورود روزانه'!$S$3:$S$200)/($D4*6),0) -> 0 | K4: =COUNTIFS('لکسیون'!$E$3:$E$82,">="&$B4,'لکسیون'!$E$3:$E$82,"<="&$C4,'لکسیون'!$I$3:$I$82,"بسته") -> 0 | L4: =SUM($K$3:K4)+5 -> 5 | N4: =SUMIF('ورود روزانه'!$E$3:$E$200,$A4,'ورود روزانه'!$Y$3:$Y$200) -> 0 | O4: =ROUND((E4+N4)/60,1) -> 0
A5: آبان ۱۴۰۵ | B5: 46318 | C5: 46347 | D5: 30 | E5: =SUMIF('ورود روزانه'!$E$3:$E$200,$A5,'ورود روزانه'!$L$3:$L$200) -> 0 | F5: =ROUND(E5/60,1) -> 0 | G5: =IFERROR(E5/(255*ROUND($D5/7*6,0)),0) -> 0 | H5: =SUMIF('ورود روزانه'!$E$3:$E$200,$A5,'ورود روزانه'!$T$3:$T$200) -> 0 | I5: =IF($B5>TODAY(),0,MAX(0,MIN($D5,TODAY()-$B5+1)-H5)) -> 0 | J5: =IFERROR(SUMIF('ورود روزانه'!$E$3:$E$200,$A5,'ورود روزانه'!$S$3:$S$200)/($D5*6),0) -> 0 | K5: =COUNTIFS('لکسیون'!$E$3:$E$82,">="&$B5,'لکسیون'!$E$3:$E$82,"<="&$C5,'لکسیون'!$I$3:$I$82,"بسته") -> 0 | L5: =SUM($K$3:K5)+5 -> 5 | N5: =SUMIF('ورود روزانه'!$E$3:$E$200,$A5,'ورود روزانه'!$Y$3:$Y$200) -> 0 | O5: =ROUND((E5+N5)/60,1) -> 0
A6: آذر ۱۴۰۵ | B6: 46348 | C6: 46377 | D6: 30 | E6: =SUMIF('ورود روزانه'!$E$3:$E$200,$A6,'ورود روزانه'!$L$3:$L$200) -> 0 | F6: =ROUND(E6/60,1) -> 0 | G6: =IFERROR(E6/(255*ROUND($D6/7*6,0)),0) -> 0 | H6: =SUMIF('ورود روزانه'!$E$3:$E$200,$A6,'ورود روزانه'!$T$3:$T$200) -> 0 | I6: =IF($B6>TODAY(),0,MAX(0,MIN($D6,TODAY()-$B6+1)-H6)) -> 0 | J6: =IFERROR(SUMIF('ورود روزانه'!$E$3:$E$200,$A6,'ورود روزانه'!$S$3:$S$200)/($D6*6),0) -> 0 | K6: =COUNTIFS('لکسیون'!$E$3:$E$82,">="&$B6,'لکسیون'!$E$3:$E$82,"<="&$C6,'لکسیون'!$I$3:$I$82,"بسته") -> 0 | L6: =SUM($K$3:K6)+5 -> 5 | N6: =SUMIF('ورود روزانه'!$E$3:$E$200,$A6,'ورود روزانه'!$Y$3:$Y$200) -> 0 | O6: =ROUND((E6+N6)/60,1) -> 0
A7: دی ۱۴۰۵ | B7: 46378 | C7: 46407 | D7: 30 | E7: =SUMIF('ورود روزانه'!$E$3:$E$200,$A7,'ورود روزانه'!$L$3:$L$200) -> 0 | F7: =ROUND(E7/60,1) -> 0 | G7: =IFERROR(E7/(255*ROUND($D7/7*6,0)),0) -> 0 | H7: =SUMIF('ورود روزانه'!$E$3:$E$200,$A7,'ورود روزانه'!$T$3:$T$200) -> 0 | I7: =IF($B7>TODAY(),0,MAX(0,MIN($D7,TODAY()-$B7+1)-H7)) -> 0 | J7: =IFERROR(SUMIF('ورود روزانه'!$E$3:$E$200,$A7,'ورود روزانه'!$S$3:$S$200)/($D7*6),0) -> 0 | K7: =COUNTIFS('لکسیون'!$E$3:$E$82,">="&$B7,'لکسیون'!$E$3:$E$82,"<="&$C7,'لکسیون'!$I$3:$I$82,"بسته") -> 0 | L7: =SUM($K$3:K7)+5 -> 5 | N7: =SUMIF('ورود روزانه'!$E$3:$E$200,$A7,'ورود روزانه'!$Y$3:$Y$200) -> 0 | O7: =ROUND((E7+N7)/60,1) -> 0
A8: بهمن ۱۴۰۵ | B8: 46408 | C8: 46437 | D8: 30 | E8: =SUMIF('ورود روزانه'!$E$3:$E$200,$A8,'ورود روزانه'!$L$3:$L$200) -> 0 | F8: =ROUND(E8/60,1) -> 0 | G8: =IFERROR(E8/(255*ROUND($D8/7*6,0)),0) -> 0 | H8: =SUMIF('ورود روزانه'!$E$3:$E$200,$A8,'ورود روزانه'!$T$3:$T$200) -> 0 | I8: =IF($B8>TODAY(),0,MAX(0,MIN($D8,TODAY()-$B8+1)-H8)) -> 0 | J8: =IFERROR(SUMIF('ورود روزانه'!$E$3:$E$200,$A8,'ورود روزانه'!$S$3:$S$200)/($D8*6),0) -> 0 | K8: =COUNTIFS('لکسیون'!$E$3:$E$82,">="&$B8,'لکسیون'!$E$3:$E$82,"<="&$C8,'لکسیون'!$I$3:$I$82,"بسته") -> 0 | L8: =SUM($K$3:K8)+5 -> 5 | N8: =SUMIF('ورود روزانه'!$E$3:$E$200,$A8,'ورود روزانه'!$Y$3:$Y$200) -> 0 | O8: =ROUND((E8+N8)/60,1) -> 0
A9: اسفند ۱۴۰۵ | B9: 46438 | C9: 46466 | D9: 29 | E9: =SUMIF('ورود روزانه'!$E$3:$E$200,$A9,'ورود روزانه'!$L$3:$L$200) -> 0 | F9: =ROUND(E9/60,1) -> 0 | G9: =IFERROR(E9/(255*ROUND($D9/7*6,0)),0) -> 0 | H9: =SUMIF('ورود روزانه'!$E$3:$E$200,$A9,'ورود روزانه'!$T$3:$T$200) -> 0 | I9: =IF($B9>TODAY(),0,MAX(0,MIN($D9,TODAY()-$B9+1)-H9)) -> 0 | J9: =IFERROR(SUMIF('ورود روزانه'!$E$3:$E$200,$A9,'ورود روزانه'!$S$3:$S$200)/($D9*6),0) -> 0 | K9: =COUNTIFS('لکسیون'!$E$3:$E$82,">="&$B9,'لکسیون'!$E$3:$E$82,"<="&$C9,'لکسیون'!$I$3:$I$82,"بسته") -> 0 | L9: =SUM($K$3:K9)+5 -> 5 | N9: =SUMIF('ورود روزانه'!$E$3:$E$200,$A9,'ورود روزانه'!$Y$3:$Y$200) -> 0 | O9: =ROUND((E9+N9)/60,1) -> 0

Sheet آزمون ماک
A1: بعد از هر ماک یک سطر پر کن. فقط ستون‌های زرد. مرز قبولی: ۴۲ از ۷۰ کتبی و ۱۸ از ۳۰ شفاهی.
A2: تاریخ | B2: عنوان | C2: سطح | D2: Lesen /۲۰ | E2: Hören /۲۰ | F2: Schreiben /۳۰ | G2: کتبی /۷۰ | H2: وضعیت کتبی | I2: Sprechen /۳۰ | J2: وضعیت شفاهی | K2: ٪ کل | L2: مهم‌ترین خطاها
G3: =IF(COUNT(D3:F3)=0,"",SUM(D3:F3)) | H3: =IF(G3="","",IF(G3>=42,"قبول","زیر مرز")) | J3: =IF(I3="","",IF(I3>=18,"قبول","زیر مرز")) | K3: =IF(AND(G3="",I3=""),"",(N(G3)+N(I3))/100)
G4: =IF(COUNT(D4:F4)=0,"",SUM(D4:F4)) | H4: =IF(G4="","",IF(G4>=42,"قبول","زیر مرز")) | J4: =IF(I4="","",IF(I4>=18,"قبول","زیر مرز")) | K4: =IF(AND(G4="",I4=""),"",(N(G4)+N(I4))/100)
G5: =IF(COUNT(D5:F5)=0,"",SUM(D5:F5)) | H5: =IF(G5="","",IF(G5>=42,"قبول","زیر مرز")) | J5: =IF(I5="","",IF(I5>=18,"قبول","زیر مرز")) | K5: =IF(AND(G5="",I5=""),"",(N(G5)+N(I5))/100)
G6: =IF(COUNT(D6:F6)=0,"",SUM(D6:F6)) | H6: =IF(G6="","",IF(G6>=42,"قبول","زیر مرز")) | J6: =IF(I6="","",IF(I6>=18,"قبول","زیر مرز")) | K6: =IF(AND(G6="",I6=""),"",(N(G6)+N(I6))/100)
G7: =IF(COUNT(D7:F7)=0,"",SUM(D7:F7)) | H7: =IF(G7="","",IF(G7>=42,"قبول","زیر مرز")) | J7: =IF(I7="","",IF(I7>=18,"قبول","زیر مرز")) | K7: =IF(AND(G7="",I7=""),"",(N(G7)+N(I7))/100)
G8: =IF(COUNT(D8:F8)=0,"",SUM(D8:F8)) | H8: =IF(G8="","",IF(G8>=42,"قبول","زیر مرز")) | J8: =IF(I8="","",IF(I8>=18,"قبول","زیر مرز")) | K8: =IF(AND(G8="",I8=""),"",(N(G8)+N(I8))/100)
G9: =IF(COUNT(D9:F9)=0,"",SUM(D9:F9)) | H9: =IF(G9="","",IF(G9>=42,"قبول","زیر مرز")) | J9: =IF(I9="","",IF(I9>=18,"قبول","زیر مرز")) | K9: =IF(AND(G9="",I9=""),"",(N(G9)+N(I9))/100)
G10: =IF(COUNT(D10:F10)=0,"",SUM(D10:F10)) | H10: =IF(G10="","",IF(G10>=42,"قبول","زیر مرز")) | J10: =IF(I10="","",IF(I10>=18,"قبول","زیر مرز")) | K10: =IF(AND(G10="",I10=""),"",(N(G10)+N(I10))/100)
G11: =IF(COUNT(D11:F11)=0,"",SUM(D11:F11)) | H11: =IF(G11="","",IF(G11>=42,"قبول","زیر مرز")) | J11: =IF(I11="","",IF(I11>=18,"قبول","زیر مرز")) | K11: =IF(AND(G11="",I11=""),"",(N(G11)+N(I11))/100)
G12: =IF(COUNT(D12:F12)=0,"",SUM(D12:F12)) | H12: =IF(G12="","",IF(G12>=42,"قبول","زیر مرز")) | J12: =IF(I12="","",IF(I12>=18,"قبول","زیر مرز")) | K12: =IF(AND(G12="",I12=""),"",(N(G12)+N(I12))/100)
G13: =IF(COUNT(D13:F13)=0,"",SUM(D13:F13)) | H13: =IF(G13="","",IF(G13>=42,"قبول","زیر مرز")) | J13: =IF(I13="","",IF(I13>=18,"قبول","زیر مرز")) | K13: =IF(AND(G13="",I13=""),"",(N(G13)+N(I13))/100)
G14: =IF(COUNT(D14:F14)=0,"",SUM(D14:F14)) | H14: =IF(G14="","",IF(G14>=42,"قبول","زیر مرز")) | J14: =IF(I14="","",IF(I14>=18,"قبول","زیر مرز")) | K14: =IF(AND(G14="",I14=""),"",(N(G14)+N(I14))/100)
... G40: =IF(COUNT(D40:F40)=0,"",SUM(D40:F40)) | H40: =IF(G40="","",IF(G40>=42,"قبول","زیر مرز")) | J40: =IF(I40="","",IF(I40>=18,"قبول","زیر مرز")) | K40: =IF(AND(G40="",I40=""),"",(N(G40)+N(I40))/100)

Sheet لکسیون
A1: یک واحد وقتی «بسته» است که هر سه ستون F و G و H عدد ۱ داشته باشند. تاریخ پایان (E) را حتماً بنویس — برگه‌های هفتگی و ماهانه از همین ستون واحدهای بسته‌شده را می‌شمارند.
A2: # | B2: فاز | C2: عنوان واحد | D2: شروع | E2: پایان | F2: جزوه | G2: انکی | H2: آزمون | I2: وضعیت | J2: نمره ٪ | K2: هنوز گنگ است
A3: 1 | B3: فاز ۱ | C3: مکالمه میشل توماس — درس 1 | E3: 46270 | F3: 1 | G3: 1 | H3: 1 | I3: =IF(AND(N(F3)>0,N(G3)>0,N(H3)>0),"بسته",IF(N(F3)+N(G3)+N(H3)>0,"ناقص",IF(D3<>"","در جریان","—"))) -> بسته | J3: ماک ازمایشی | K3: ترتیب کلمات و V2 · صرف باقاعده · Sie
A4: 2 | B4: فاز ۱ | C4: مکالمه میشل توماس — درس 2 | E4: 46270 | F4: 1 | G4: 1 | H4: 1 | I4: =IF(AND(N(F4)>0,N(G4)>0,N(H4)>0),"بسته",IF(N(F4)+N(G4)+N(H4)>0,"ناقص",IF(D4<>"","در جریان","—"))) -> بسته | J4: ماک ازمایشی | K4: افعال مدال · نفی با nicht
A5: 3 | B5: فاز ۱ | C5: مکالمه میشل توماس — درس 3 | E5: 46270 | F5: 1 | G5: 1 | H5: 1 | I5: =IF(AND(N(F5)>0,N(G5)>0,N(H5)>0),"بسته",IF(N(F5)+N(G5)+N(H5)>0,"ناقص",IF(D5<>"","در جریان","—"))) -> بسته | J5: ماک ازمایشی | K5: ضمایر Akkusativ و Dativ · wo و wohin
A6: 4 | B6: فاز ۱ | C6: مکالمه میشل توماس — درس 4 | E6: 46270 | F6: 1 | G6: 1 | H6: 1 | I6: =IF(AND(N(F6)>0,N(G6)>0,N(H6)>0),"بسته",IF(N(F6)+N(G6)+N(H6)>0,"ناقص",IF(D6<>"","در جریان","—"))) -> بسته | J6: ماک ازمایشی | K6: جملات فرعی · آینده · möchte و gern
A7: 5 | B7: فاز ۱ | C7: مکالمه میشل توماس — درس 5 | E7: 46270 | F7: 1 | G7: 1 | H7: 1 | I7: =IF(AND(N(F7)>0,N(G7)>0,N(H7)>0),"بسته",IF(N(F7)+N(G7)+N(H7)>0,"ناقص",IF(D7<>"","در جریان","—"))) -> بسته | J7: ماک ازمایشی | K7: افعال انعکاسی · es غیرشخصی · zu + مصدر · kein/nicht · ‑heit و ‑keit
A8: 6 | B8: فاز ۱ | C8: مکالمه میشل توماس — درس 6 · ۴ قسمت ۱۶ دقیقه‌ای | E8: 46276 | F8: 1 | G8: 1 | I8: =IF(AND(N(F8)>0,N(G8)>0,N(H8)>0),"بسته",IF(N(F8)+N(G8)+N(H8)>0,"ناقص",IF(D8<>"","در جریان","—"))) -> ناقص
A9: 7 | B9: فاز ۱ | C9: مکالمه میشل توماس — درس 7 · ۴ قسمت ۱۶ دقیقه‌ای | E9: 46278 | F9: 1 | G9: 1 | I9: =IF(AND(N(F9)>0,N(G9)>0,N(H9)>0),"بسته",IF(N(F9)+N(G9)+N(H9)>0,"ناقص",IF(D9<>"","در جریان","—"))) -> ناقص
A10: 8 | B10: فاز ۱ | C10: مکالمه میشل توماس — درس 8 · ۴ قسمت ۱۶ دقیقه‌ای | D10: 46278 | E10: 46281 | F10: 1 | G10: 1 | I10: =IF(AND(N(F10)>0,N(G10)>0,N(H10)>0),"بسته",IF(N(F10)+N(G10)+N(H10)>0,"ناقص",IF(D10<>"","در جریان","—"))) -> ناقص
A11: 9 | B11: فاز ۱ | C11: مکالمه میشل توماس — درس 9 · ۴ قسمت ۱۶ دقیقه‌ای | D11: 46285 | I11: =IF(AND(N(F11)>0,N(G11)>0,N(H11)>0),"بسته",IF(N(F11)+N(G11)+N(H11)>0,"ناقص",IF(D11<>"","در جریان","—"))) -> در جریان
A12: 10 | B12: فاز ۱ | C12: مکالمه میشل توماس — درس 10 · ۴ قسمت ۱۶ دقیقه‌ای | I12: =IF(AND(N(F12)>0,N(G12)>0,N(H12)>0),"بسته",IF(N(F12)+N(G12)+N(H12)>0,"ناقص",IF(D12<>"","در جریان","—"))) -> —
A13: 11 | B13: فاز ۱ | C13: مکالمه میشل توماس — درس 11 · ۴ قسمت ۱۶ دقیقه‌ای | I13: =IF(AND(N(F13)>0,N(G13)>0,N(H13)>0),"بسته",IF(N(F13)+N(G13)+N(H13)>0,"ناقص",IF(D13<>"","در جریان","—"))) -> —
A14: 12 | B14: فاز ۱ | C14: مکالمه میشل توماس — امتحان نهایی | I14: =IF(AND(N(F14)>0,N(G14)>0,N(H14)>0),"بسته",IF(N(F14)+N(G14)+N(H14)>0,"ناقص",IF(D14<>"","در جریان","—"))) -> —
A15: 13 | B15: فاز ۱ | C15: گرامر بنیادی · آرتیکل — قسمت اول | I15: =IF(AND(N(F15)>0,N(G15)>0,N(H15)>0),"بسته",IF(N(F15)+N(G15)+N(H15)>0,"ناقص",IF(D15<>"","در جریان","—"))) -> —
A16: 14 | B16: فاز ۱ | C16: گرامر بنیادی · آرتیکل — قسمت دوم | I16: =IF(AND(N(F16)>0,N(G16)>0,N(H16)>0),"بسته",IF(N(F16)+N(G16)+N(H16)>0,"ناقص",IF(D16<>"","در جریان","—"))) -> —
A17: 15 | B17: فاز ۱ | C17: گرامر بنیادی · آرتیکل — قسمت سوم | I17: =IF(AND(N(F17)>0,N(G17)>0,N(H17)>0),"بسته",IF(N(F17)+N(G17)+N(H17)>0,"ناقص",IF(D17<>"","در جریان","—"))) -> —
A18: 16 | B18: فاز ۱ | C18: گرامر بنیادی · آرتیکل — قسمت چهارم | I18: =IF(AND(N(F18)>0,N(G18)>0,N(H18)>0),"بسته",IF(N(F18)+N(G18)+N(H18)>0,"ناقص",IF(D18<>"","در جریان","—"))) -> —
A19: 17 | B19: فاز ۱ | C19: گرامر بنیادی · پیش‌نیازهای مهم | I19: =IF(AND(N(F19)>0,N(G19)>0,N(H19)>0),"بسته",IF(N(F19)+N(G19)+N(H19)>0,"ناقص",IF(D19<>"","در جریان","—"))) -> —
A20: 18 | B20: فاز ۱ | C20: گرامر بنیادی · حروف اضافه هندسی | I20: =IF(AND(N(F20)>0,N(G20)>0,N(H20)>0),"بسته",IF(N(F20)+N(G20)+N(H20)>0,"ناقص",IF(D20<>"","در جریان","—"))) -> —
A21: 19 | B21: فاز ۱ | C21: گرامر بنیادی · سه حرکت اساسی | I21: =IF(AND(N(F21)>0,N(G21)>0,N(H21)>0),"بسته",IF(N(F21)+N(G21)+N(H21)>0,"ناقص",IF(D21<>"","در جریان","—"))) -> —
A22: 20 | B22: فاز ۱ | C22: گرامر بنیادی · گنتیو | I22: =IF(AND(N(F22)>0,N(G22)>0,N(H22)>0),"بسته",IF(N(F22)+N(G22)+N(H22)>0,"ناقص",IF(D22<>"","در جریان","—"))) -> —
A23: 21 | B23: فاز ۱ | C23: گرامر بنیادی · ضمایر موصولی یا عطفی | I23: =IF(AND(N(F23)>0,N(G23)>0,N(H23)>0),"بسته",IF(N(F23)+N(G23)+N(H23)>0,"ناقص",IF(D23<>"","در جریان","—"))) -> —
... A82: 80 | B82: فاز ۴ | C82: درس 20 · Unter Druck nach oben | I82: =IF(AND(N(F82)>0,N(G82)>0,N(H82)>0),"بسته",IF(N(F82)+N(G82)+N(H82)>0,"ناقص",IF(D82<>"","در جریان","—"))) -> —

Sheet نقشه راه
A1: نقشه‌ی راه — پنج فاز
A2: فاز | B2: نام فاز | C2: از | D2: تا | E2: چک‌پوینت
A3: 1 | B3: فاز ۱ · میشل توماس ۶ تا ۱۱ + بلوک گرامر بنیادی | C3: 46271 | D3: 46312 | E3: ماک سطح A2 — هفته ۴
A4: 2 | B4: فاز ۲ · بیست درس (Nachbarn · Tod in der Oper) | C4: 46313 | D4: 46361 | E4: ماک سطح B1 — هفته ۱۱
A5: 3 | B5: فاز ۳ · هجده درس (Blind Date · Das Wunschhaus) | C5: 46362 | D5: 46410 | E5: ماک کامل ÖSD B2 — هفته ۱۸
A6: 4 | B6: فاز ۴ · بیست درس — تکمیل و تثبیت B2 | C6: 46411 | D6: 46445 | E6: ماک کامل دوم — هفته ۲۵
A7: 5 | B7: آماده‌سازی محض آزمون | C7: 46446 | D7: 46466 | E7: آزمون واقعی ÖSD B2

Sheet سهم مهارت‌ها
B2: سهم روزانه‌ی هر مهارت — سطح به سطح
B3: همه‌ی ستون‌ها ۲۵۵ دقیقه‌اند. آنچه عوض می‌شود تقسیم آن است، نه مقدارش.
B5: مهارت | C5: فاز ۱ · A1 هفته ۱–۴ | D5: فاز ۲ · A2→B1 هفته ۵–۱۱ | E5: فاز ۳ · B1→B2 هفته ۱۲–۱۸ | F5: فاز ۴ · B2 هفته ۱۹–۲۵ | G5: آماده‌سازی هفته ۲۶–۲۸
B6: گرامر و ساختار | C6: 90 | D6: 75 | E6: 65 | F6: 30 | G6: —
B7: انکی (لغت و مرور) | C7: 30 | D7: 30 | E7: 40 | F7: 45 | G7: 45
B8: Hören | C8: 30 | D8: 40 | E8: 35 | F8: 35 | G8: 15
B9: Lesen | C9: 15 | D9: 35 | E9: 40 | F9: 40 | G9: 15
B10: Schreiben | C10: 15 | D10: 25 | E10: 30 | F10: 45 | G10: 35
B11: Sprechen | C11: 60 | D11: 35 | E11: 30 | F11: 45 | G11: 40
B12: آزمون ماک و تحلیل خطا | C12: — | D12: — | E12: — | F12: — | G12: 90
B13: بستن روز | C13: 15 | D13: 15 | E13: 15 | F13: 15 | G13: 15
B14: جمع | C14: =SUM(C6:C13) -> 255 | D14: =SUM(D6:D13) -> 255 | E14: =SUM(E6:E13) -> 255 | F14: =SUM(F6:F13) -> 255 | G14: =SUM(G6:G13) -> 255

Sheet قواعد
B2: ساختار روز و قواعد از پیش تعیین‌شده
B4: ساختار روز عادی — ۲۵۵ دقیقه
B5: ① انکی · ۳۰ دقیقه | C5: کف روزانه. اولِ روز، قبل از هر کار دیگر — حتی قبل از باز کردن گوشی. حتی در بدترین روز انجام می‌شود.
B6: ② مبحث جدید · ۹۰ دقیقه | C6: بعد از مرور انجام می‌شود. بزرگ‌ترین و سخت‌ترین بلاک روز.
B7: ③ ورودی · ۶۰ دقیقه | C7: Hören و Lesen — درس دوره از فاز ۲ به بعد اینجا انجام می‌شود.
B8: ④ خروجی · ۶۰ دقیقه | C8: Schreiben و Sprechen.
B9: ⑤ بستن روز · ۱۵ دقیقه | C9: ساخت کارت انکی + پر کردن سطر امروز در «ورود روزانه» + برنامه‌ی فردا.
B11: روز بد — کف روزانه
B12: تمام مرورهای سررسیدشده‌ی انکی | C12: هرچقدر که هست. بدون استثنا.
B13: هیچ کارت جدیدی اضافه نمی‌شود | C13: کارت جدید چیزی است که در روز بد قربانی می‌شود، نه مرور.
B14: یک متن کوتاه یا ۵ دقیقه Hören | C14: همین. تمام.
B15: بعدش؟ | C15: اگر هنوز حسش نبود، آن روز تمام است — بدون احساس گناه. همان احساس گناه است که باعث صفرِ دوم می‌شود.
B17: پروتکل اودیسه
B18: در لحظه هیچ تصمیمی گرفته نمی‌شود. تصمیم‌ها از قبل گرفته شده‌اند؛ کارِ لحظه فقط اجراست.
B19: گوشی و شبکه‌های اجتماعی | C19: گوشی در اتاق دیگر در تمام بلاک‌ها. بلاک ① قبل از اولین نگاه به گوشی.
B20: «الان حسش نیست» | C20: فقط کف روزانه. در لحظه هیچ تصمیمی گرفته نمی‌شود.
B21: «الان حال می‌ده برم بیرون» | C21: حذف نمی‌شود، جابه‌جا می‌شود: بعد از بلاک ②. تصمیمش شب قبل.
B22: نشخوار فکری | C22: فکر مزاحم نوشته و به بعد از بلاک موکول می‌شود.
B23: بعد از یک روز صفر | C23: هرگز دو بار پشت هم صفر. یک روز صفر اتفاق است؛ دو روز، الگو.
B24: خستگی و بداخلاقی | C24: بعد از بلاک ⑤ مطالعه تمام است، حتی اگر ناتمام مانده باشد.
B25: «بعداً وقت هست» · «اول این کار، بعد درس» | C25: هر کاری که قبل از کف روزانه بیاید، آن روز کف را می‌خورد — حتی اگر کار خوبی باشد. کف قبل از اولین کارِ روز انجام می‌شود.
B26: مهمانی یا برنامه‌ی اجتماعیِ از قبل معلوم | C26: کف روزانه قبل از بیرون رفتن انجام می‌شود، نه بعدش. بعد از برگشتن هیچ بلاکی اجرا نمی‌شود. روتین شب لحظه‌ی ورود انجام می‌شود، نه بعد از نشستن — بین در ورودی و مبل هیچ توقفی نیست.
B28: سه قاعده‌ی انکی
B29: کف روزانه = تمام مرورهای سررسیدشده | C29: بدون هیچ کارت جدید. مرور تنها کاری است که اگر انجامش ندهی بدتر می‌شود.
B30: حداکثر ۲۰ کارت جدید در روز | C30: ۳۶۰۰ کارت تقسیم بر ۱۹۵ روز ≈ ۱۸. بیشتر از ۲۰ سقف ۴۵ دقیقه را غیرممکن می‌کند.
B31: مرور از ۴۵ دقیقه گذشت؟ | C31: سرعت واحدها کم می‌شود، نه مرور.
B33: نگهداری از خودم
B34: بلاک «خودم» — هر دو هفته یک‌بار | C34: سه تا چهار ساعت، جمعه بعدازظهر، از قبل روی تقویم. مانیکور، فیشیال، مزوتراپی، خرید. خودمراقبتیِ بلاک‌شکل اگر جا نداشته باشد، فشارش جمع می‌شود و یک روز وسط هفته را می‌ترکاند.
B35: بدهی اجتماعی — جمعه‌ها، بیست دقیقه | C35: جواب دادن به پیام‌های عقب‌افتاده. نه وسط هفته، نه وقتی نشسته‌ای درس بخوانی.
B36: چرا این‌ها اینجاست | C36: این‌ها anti-goal شماره ۱ و ۳ هستند. اگر جای مشخص نداشته باشند، از بودجه‌ی درس برمی‌دارند — نه از بی‌انضباطی، بلکه چون لازم‌اند.
B38: دقیقه‌ی اضافه
B39: چه چیزی اینجا ثبت می‌شود | C39: دولینگو، ویدئوی یوتیوب، پادکست، فیلم، تمرین شخصی — هر آلمانیِ بیرون از پنج بلاک.
B40: در «٪ اجرای برنامه» حساب نمی‌شود | C40: آن درصد می‌گوید چقدر از برنامه اجرا شد. اگر اضافه‌کاری هم در آن بیاید، ممکن است بلاک‌ها را نزنی و درصدت صد باشد.
B41: ولی در «ساعت کل» حساب می‌شود | C41: آلمانیِ اضافه بالاخره آلمانی است.
B42: قاعده | C42: دقیقه‌ی اضافه هیچ‌وقت جای بلاک را نمی‌گیرد. اگر هفته‌ای ۳۰۰ دقیقه اضافه داشتی و صفر واحد بسته شد، آن زنگ خطر است نه برد.
B44: ریتم گزارش
B45: هر شب · دو دقیقه | C45: سطر امروز در «ورود روزانه».
B46: هر جمعه · پنج دقیقه | C46: سه ستون آخر برگه‌ی «هفتگی» + فرستادن عددهای داشبورد به کلاد.
B47: آخر هر ماه | C47: ستون «مرور ماه» در برگه‌ی «ماهانه».
B48: قانون دو هفته | C48: دو هفته‌ی پیاپی زیر ۷۰٪ ⟵ برنامه اشتباه است، نه آدم.
